"","Rest of NZ","West Coast Region"
"1",0.323498733422739,0.461928934010152
