"","population","road_improvements","road_maintenance","road_safety"
"1",0.0064097553349488,0.0030955623720493,0.0268495107361632,0.00131797447340988
